peptide,to_antiviral_mean,to_random_mean,delta,t_stat,p_value
NTQIENL,0.8937173596229121,0.8535793020453212,0.040138057577590924,2.2605653118048377,0.06449803653708937
EVDATVKSL,0.9229770699583796,0.9086616318594215,0.014315438098958078,0.9864513584734595,0.36200524653134103
TLTQTVENIR,0.9062080178727573,0.869941837197192,0.03626618067556531,2.17007473541396,0.07305441709720774
NTQIDNL,0.9086444373254869,0.8816606286972913,0.026983808628195605,1.7322656470673052,0.1339348168801076
NSQIENL,0.904981536562073,0.8595906112179513,0.0453909253441217,3.122608414011401,0.0205166659632372
